nombre producto,precio,link,categoria,fecha
Carpa Aucar 200 HangPro Tent Naranjo Lippi,CLP 94.990,https://www.lippioutdoor.com/7563-carpa-aucar-200-hangpro-tent-naranjo.html,equipamiento,2022-08-15
Carpa Roca 3 Tent Gris Claro Lippi,CLP 184.990,https://www.lippioutdoor.com/carpa-roca-3-tent-gris-claro-lippi-v22.html,equipamiento,2022-08-15
Carpa Xperience 2 Tent Rojo Lippi,CLP 99.990,https://www.lippioutdoor.com/carpa-xperience-2-tent-rojo-lippi-v22.html,equipamiento,2022-08-15
Carpa Xperience 3 Tent Rojo Lippi,CLP 119.990,https://www.lippioutdoor.com/carpa-xperience-3-tent-rojo-lippi-v22.html,equipamiento,2022-08-15
Mini X-Perience 0 Steam-Pro Sleeping Bag Morado Lippi,CLP 34.990,https://www.lippioutdoor.com/2116-mini-x-perience-0-steam-pro-sleeping-bag.html,equipamiento,2022-08-15
Mochila R-Bags 22 Lts Mostaza I20 Lippi,CLP 49.990,https://www.lippioutdoor.com/7708-mochila-r-bags-22-lts-mostaza-i20.html,equipamiento,2022-08-15
Banano Frontera 2L Negro Lippi,CLP 15.990,https://www.lippioutdoor.com/banano-frontera-2l-negro-v20.html,equipamiento,2022-08-15
Mini X-Perience 0 Steam-Pro Sleeping Bag Azul Lippi,CLP 34.990,https://www.lippioutdoor.com/2116-mini-x-perience-0-steam-pro-sleeping-bag-1.html,equipamiento,2022-08-15
Roca 3 Footprint Lippi,CLP 19.990,https://www.lippioutdoor.com/2106-roca-3-footprint.html,equipamiento,2022-08-15
Mochila Roca 35 Negro Lippi,CLP 104.990,https://www.lippioutdoor.com/7486-mochila-roca-35-negro.html,equipamiento,2022-08-15
Set de estacas (6 unidades),CLP 9.990,https://www.lippioutdoor.com/2109-set-de-estacas-6-unidades.html,equipamiento,2022-08-15
Mochila R-Bags 28 Lts Burdeo I20 Lippi,CLP 59.990,https://www.lippioutdoor.com/7712-mochila-r-bags-28-lts-burdeo-i20.html,equipamiento,2022-08-15
Carpa Sunset 4 Amarilla Lippi,CLP 299.990,https://www.lippioutdoor.com/7565-carpa-sunset-4-amarilla.html,equipamiento,2022-08-15
Mochila Unisex B-Light 10 Backpack Verde Militar 10 Lts Lippi,CLP 19.990,https://www.lippioutdoor.com/mochila-unisex-b-light-10-backpack-verde-militar-10-lts-lippi-v22.html,equipamiento,2022-08-15
Varilla de repuesto Carpa Roca 1 Roja Lippi,CLP 24.990,https://www.lippioutdoor.com/varilla-de-repuesto-carpa-roca-1-roja-v19.html,equipamiento,2022-08-15
Roca -7 Down Sleeping Bag Lippi,CLP 179.990,https://www.lippioutdoor.com/2111-roca-7-down-sleeping-bag.html,equipamiento,2022-08-15
Mochila Roca 50 Backpack Negro V20 Lippi,CLP 129.990,https://www.lippioutdoor.com/7496-mochila-roca-50-backpack-negro-v20.html,equipamiento,2022-08-15
Colchonetas Unisex Corus Diamond Amarilo Lippi,CLP 59.990,https://www.lippioutdoor.com/colchonetas-unisex-corus-diamond-amarilo-lippi-v22.html,equipamiento,2022-08-15
Saco de dormir Sunset Steam-Pro Sleeping Bag 5 Azul / Rojo Lippi,CLP 54.990,https://www.lippioutdoor.com/7488-saco-de-dormir-sunset-steam-pro-sleeping-bag-5-azul-rojo.html,equipamiento,2022-08-15
Cubre Mochilas Travel Fox Cover All Negro V20 Lippi,CLP 9.990,https://www.lippioutdoor.com/7635-bolsos-travel-fox-cover-all-negro-v20.html,equipamiento,2022-08-15
Varilla de repuesto Carpa X-Perience 2 Amarilla Lippi,CLP 34.990,https://www.lippioutdoor.com/varilla-de-repuesto-carpa-x-perience-2-amarilla-v19.html,equipamiento,2022-08-15
Mochila Travel Fox BackPack 26L Negro Lippi,CLP 79.990,https://www.lippioutdoor.com/7706-mochila-travel-fox-backpack-26l-negro.html,equipamiento,2022-08-15
Roca 1 Footprint Lippi,CLP 12.990,https://www.lippioutdoor.com/2104-roca-1-footprint.html,equipamiento,2022-08-15
Carpa Roca 1 Tent Gris Claro Lippi,CLP 149.990,https://www.lippioutdoor.com/carpa-roca-1-tent-gris-claro-eq568u070832102u.html,equipamiento,2022-08-15
Maleta Travel Fox wheel Duffle 110 L Negro Lippi,CLP 214.990,https://www.lippioutdoor.com/7703-maleta-travel-fox-wheel-duffle-110-l-negro.html,equipamiento,2022-08-15
Varilla de repuesto Carpa Roca 2 Roja Lippi,CLP 39.990,https://www.lippioutdoor.com/varilla-de-repuesto-carpa-roca-2-roja-v19.html,equipamiento,2022-08-15
Varilla de repuesto Carpa X-Perience 3 Amarilla Lippi,CLP 39.990,https://www.lippioutdoor.com/varilla-de-repuesto-carpa-x-perience-3-amarilla-v19.html,equipamiento,2022-08-15
Colchonetas Unisex Corus Camp Azul Lippi,CLP 49.990,https://www.lippioutdoor.com/colchonetas-unisex-corus-camp-azul-lippi-v22.html,equipamiento,2022-08-15
Roca 1 Tent Footprint,CLP 19.990,https://www.lippioutdoor.com/roca-1-tent-footprint-v22.html,equipamiento,2022-08-15
Saco de dormir Sunset Steam-Pro 5 Sleeping Bag Azul / Amarillo Lippi,CLP 54.990,https://www.lippioutdoor.com/7487-saco-de-dormir-sunset-steam-pro-5-sleeping-bag-azul-amarillo.html,equipamiento,2022-08-15
Varilla de repuesto Carpa Roca 3 Roja Lippi,CLP 44.990,https://www.lippioutdoor.com/varilla-de-repuesto-carpa-roca-3-roja-v19.html,equipamiento,2022-08-15
Varilla de repuesto Carpa Sunset 4P Lippi,CLP 54.990,https://www.lippioutdoor.com/varilla-de-repuesto-carpa-sunset-4p-i21.html,equipamiento,2022-08-15
Mochila X-Perience 45 Backpack Morado V20 Lippi,CLP 99.990,https://www.lippioutdoor.com/7500-mochila-x-perience-45-backpack-morado-v20.html,equipamiento,2022-08-15
Mochila Australis 16 L Mostaza I20 Lippi,CLP 44.990,https://www.lippioutdoor.com/8274-mochila-australis-16-l-mostaza-i20.html,equipamiento,2022-08-15
Varilla de repuesto Carpa Granite 3 Lippi,CLP 59.990,https://www.lippioutdoor.com/varilla-de-repuesto-carpa-granite-3-i21.html,equipamiento,2022-08-15
X-Perience -4 Steam Pro Sleeping Bag Lippi,CLP 87.990,https://www.lippioutdoor.com/2114-x-perience-4-steam-pro-sleeping-bag.html,equipamiento,2022-08-15
Mochila Australis 16 L Verde Oliva I20 Lippi,CLP 44.990,https://www.lippioutdoor.com/8276-mochila-australis-16-l-verde-oliva-i20.html,equipamiento,2022-08-15
Bolsos Travel Fox Duffle Bag 90L Negro Lippi,CLP 109.990,https://www.lippioutdoor.com/7702-bolsos-travel-fox-duffle-bag-90l-negro.html,equipamiento,2022-08-15
Traje de Haka Honu Surf Mujer Punani 5:4:3 Burdeo,CLP 269.990,https://www.lippioutdoor.com/traje-de-surf-punani-5-4-3-burdeo-i20.html,equipamiento,2022-08-15
Traje de Haka Honu Surf Queule 4:3 Negro,CLP 219.990,https://www.lippioutdoor.com/traje-de-surf-queule-4-3-negro-i20.html,equipamiento,2022-08-15
Traje de Haka Honu Surf Chagual 4:3 Negro,CLP 169.990,https://www.lippioutdoor.com/traje-de-surf-chagual-4-3-negro-i20.html,equipamiento,2022-08-15
Colchoneta Corus Foam Matt Rojo V20 Lippi,CLP 14.990,https://www.lippioutdoor.com/7697-colchoneta-corus-foam-matt-rojo-v20.html,equipamiento,2022-08-15
Banano Travel Fox 1L Negro V20 Lippi,CLP 19.990,https://www.lippioutdoor.com/7585-banano-travel-fox-1l-negro-v20.html,equipamiento,2022-08-15
Botella Light Steel Hot Top Azul Piedra Lippi,CLP 12.990,https://www.lippioutdoor.com/botella-light-steel-hot-top-azul-piedra-v20.html,equipamiento,2022-08-15
Banano Road 1.5 L Morado V20 Lippi,CLP 14.990,https://www.lippioutdoor.com/8271-banano-road-1-5-l-morado-v20.html,equipamiento,2022-08-15
Botella Light Steel Hot Top Rojo Lippi,CLP 12.990,https://www.lippioutdoor.com/botella-light-steel-hot-top-rojo-v20.html,equipamiento,2022-08-15
Botella Light Steel Tumbler 600 ml Negro Lippi,CLP 9.990,https://www.lippioutdoor.com/botella-light-steel-tumbler-600-ml-negro-v20.html,equipamiento,2022-08-15
Banano Intense 2L Negro V20 Lippi,CLP 17.990,https://www.lippioutdoor.com/7579-banano-intense-2l-negro-v20.html,equipamiento,2022-08-15
Wide Top Bottle 950 ML Lippi Verde,CLP 11.990,https://www.lippioutdoor.com/2143-wide-top-bottle-800-ml-2.html,equipamiento,2022-08-15
"Banano Unisex B-Light 1.5 Waistbag Gris Oscuro 1,5 Lts Lippi",CLP 15.990,https://www.lippioutdoor.com/banano-unisex-b-light-1-5-waistbag-gris-oscuro-1-5-lts-lippi-v22.html,equipamiento,2022-08-15
Botella Light Steel Hot Top 550 ml Negro Lippi,CLP 12.990,https://www.lippioutdoor.com/botella-light-steel-hot-top-550-ml-negro-v20.html,equipamiento,2022-08-15
Botella Light Steel Sport Top 550 ml Azul Lippi,CLP 14.990,https://www.lippioutdoor.com/botella-light-steel-sport-top-550-ml-azul-v20.html,equipamiento,2022-08-15
Botella Light Steel Sport Top Rojo V20 Lippi,CLP 14.990,https://www.lippioutdoor.com/7643-botella-light-steel-sport-top-rojo-v20.html,equipamiento,2022-08-15
Banano Intense 2L Verde V20 Lippi,CLP 17.990,https://www.lippioutdoor.com/7581-banano-intense-2l-verde-v20.html,equipamiento,2022-08-15
Botella Light Steel Sport Top Negro V20 Lippi,CLP 14.990,https://www.lippioutdoor.com/7642-botella-light-steel-sport-top-negro-v20.html,equipamiento,2022-08-15
Banano Road 1.5 L Verde V20 Lippi,CLP 14.990,https://www.lippioutdoor.com/8272-banano-road-1-5-l-verde-v20.html,equipamiento,2022-08-15
Wide Top Bottle 950 ML Lippi Negro,CLP 11.990,https://www.lippioutdoor.com/2143-wide-top-bottle-800-ml.html,equipamiento,2022-08-15
"Banano Unisex B-Light 1.5 Waistbag Mostaza 1,5 Lts Lippi",CLP 15.990,https://www.lippioutdoor.com/banano-unisex-b-light-1-5-waistbag-mostaza-1-5-lts-lippi-v22.html,equipamiento,2022-08-15
X-Perience 0 Steam Pro Sleeping Bag Lippi,CLP 77.990,https://www.lippioutdoor.com/2115-x-perience-0-steam-pro-sleeping-bag.html,equipamiento,2022-08-15
Botella Light Steel Tumbler 600 ml Rojo Lippi,CLP 9.990,https://www.lippioutdoor.com/botella-light-steel-tumbler-600-ml-rojo-v20.html,equipamiento,2022-08-15
Banano Route Land 2L Negro V20 Lippi,CLP 12.990,https://www.lippioutdoor.com/7584-banano-route-land-2l-negro-v20.html,equipamiento,2022-08-15
Wide Top Bottle 950 ML Lippi Blanco,CLP 11.990,https://www.lippioutdoor.com/2143-wide-top-bottle-800-ml-1.html,equipamiento,2022-08-15
Banano Frontera 2L Gris Claro V20 Lippi,CLP 15.990,https://www.lippioutdoor.com/7575-banano-frontera-2l-gris-claro-v20.html,equipamiento,2022-08-15
Banano Intense 2L Purpura V20 Lippi,CLP 17.990,https://www.lippioutdoor.com/7580-banano-intense-2l-purpura-v20.html,equipamiento,2022-08-15
Botella Light Steel Tumbler 600 ml Azul Lippi,CLP 9.990,https://www.lippioutdoor.com/botella-light-steel-tumbler-600-ml-azul-v20.html,equipamiento,2022-08-15
Botella Light Steel Tumbler 300 ml Negro Lippi,CLP 9.990,https://www.lippioutdoor.com/botella-light-steel-tumbler-300-ml-negro-v20.html,equipamiento,2022-08-15
"Banano Unisex B-Light 1.5 Waistbag Verde Militar 1,5 Lts Lippi",CLP 15.990,https://www.lippioutdoor.com/banano-unisex-b-light-1-5-waistbag-verde-militar-1-5-lts-lippi-v22.html,equipamiento,2022-08-15
Roca 2 Footprint Lippi,CLP 24.990,https://www.lippioutdoor.com/2105-roca-2-footprint.html,equipamiento,2022-08-15
Botella Light Steel Tumbler 300 ml Azul Lippi,CLP 9.990,https://www.lippioutdoor.com/botella-light-steel-tumbler-300-ml-azul-v20.html,equipamiento,2022-08-15
Roca -8 Steam-Pro Sleeping Bag Lippi,CLP 89.990,https://www.lippioutdoor.com/2113-roca-8-steam-pro-sleeping-bag.html,equipamiento,2022-08-15
"Banano Unisex B-Light 1.5 Waistbag Negro 1,5 Lts Lippi",CLP 15.990,https://www.lippioutdoor.com/banano-unisex-b-light-1-5-waistbag-negro-1-5-lts-lippi-v22.html,equipamiento,2022-08-15
Banano Intense 2L Azul V20 Lippi,CLP 22.990,https://www.lippioutdoor.com/7578-banano-intense-2l-azul-v20.html,equipamiento,2022-08-15
Corus Ultra II Pump Sack,CLP 10.990,https://www.lippioutdoor.com/corus-ultra-ii-pump-sack-v22.html,equipamiento,2022-08-15
Banano Australis 1 L Negro V20 Lippi,CLP 14.990,https://www.lippioutdoor.com/8270-banano-australis-1-l-negro-v20.html,equipamiento,2022-08-15
Banano Australis 1 L Mostaza V20 Lippi,CLP 14.990,https://www.lippioutdoor.com/8269-banano-australis-1-l-mostaza-v20.html,equipamiento,2022-08-15
Banano Frontera 2L Jade Oscuro V20 Lippi,CLP 15.990,https://www.lippioutdoor.com/7576-banano-frontera-2l-jade-oscuro-v20.html,equipamiento,2022-08-15
